"title","company","location","description"
"Senior Software Engineer","browserless","Remote","Berlin, Germany · 1 month ago · Over 100 applicants

Promoted by hirer · Actively reviewing applicants"
"2026 Software Dev Engineer Intern - Germany","Amazon","Remote","Berlin, Berlin, Germany · Reposted 1 week ago · Over 100 people clicked apply

Promoted by hirer · Responses managed off LinkedIn"
"Working Student Human Language Tech","eBay","Remote","Berlin Metropolitan Area · Reposted 1 week ago · Over 100 people clicked apply

Promoted by hirer · Responses managed off LinkedIn"
"Software Dev Engineer internship - Embedded Development","Amazon Web Services (AWS)","Remote","Berlin, Germany · 2 weeks ago · Over 100 people clicked apply

Promoted by hirer · Responses managed off LinkedIn"
"Trainee Cloud & Data - Dein Einstieg in Cloud Consulting & Engineering im April 2026 (m/w/d)","Deloitte","Remote","Berlin, Berlin, Germany · Reposted 1 week ago · Over 100 people clicked apply

Promoted by hirer · Responses managed off LinkedIn"
